MSE,RMSE,MAE,R2
3.8012257401499014,1.9496732393275293,1.361411418585942,0.8513477198906723
