MSE,RMSE,MAE,R2
12.124208058784278,3.48198335130774,2.1405281257629394,0.5520781901135898
